<?xml version="1.0" encoding="UTF-8"?>
<project-private xmlns="http://www.netbeans.org/ns/project-private/1">
    <editor-bookmarks xmlns="http://www.netbeans.org/ns/editor-bookmarks/1"/>
    <editor-bookmarks xmlns="http://www.netbeans.org/ns/editor-bookmarks/2" lastBookmarkId="0"/>
    <open-files xmlns="http://www.netbeans.org/ns/projectui-open-files/2">
        <group>
            <file>file:/home/junio/Área%20de%20Trabalho/temp/Projeto/Skooter2021/src/Modelo/Elemento.java</file>
            <file>file:/home/junio/Área%20de%20Trabalho/temp/Projeto/Skooter2021/src/Modelo/Main.java</file>
            <file>file:/home/junio/Área%20de%20Trabalho/temp/Projeto/Skooter2021/src/Modelo/CoronaVirus.java</file>
            <file>file:/home/junio/Área%20de%20Trabalho/temp/Projeto/Skooter2021/src/Modelo/Hero.java</file>
            <file>file:/home/junio/Área%20de%20Trabalho/temp/Projeto/Skooter2021/src/Controler/ControleDeJogo.java</file>
            <file>file:/home/junio/Área%20de%20Trabalho/temp/Projeto/Skooter2021/src/Modelo/FakeNews.java</file>
            <file>file:/home/junio/Área%20de%20Trabalho/temp/Projeto/Skooter2021/src/Controler/Tela.java</file>
            <file>file:/home/junio/Área%20de%20Trabalho/temp/Projeto/Skooter2021/src/Modelo/Caveira.java</file>
            <file>file:/home/junio/Área%20de%20Trabalho/temp/Projeto/Skooter2021/src/Auxiliar/Posicao.java</file>
            <file>file:/home/junio/Área%20de%20Trabalho/temp/Projeto/Skooter2021/src/Auxiliar/Desenhador.java</file>
            <file>file:/home/junio/Área%20de%20Trabalho/temp/Projeto/Skooter2021/src/Auxiliar/Consts.java</file>
        </group>
    </open-files>
</project-private>
